/* PRIMERA PROBLEMATICA */

/* 1 */ LISTO
CREATE TABLE Tipo_cliente(
	type_customer_id INTEGER PRIMARY KEY,
	type_customer_name TEXT NOT NULL
)
INSERT INTO Tipo_cliente(type_customer_id,type_customer_name)
VALUES(1,'Classic'),(2,'Gold'),(3,'Black')

CREATE TABLE Tipo_cuenta(
	type_account_id INTEGER PRIMARY KEY,
	type_account_name TEXT NOT NULL
)
INSERT INTO Tipo_cuenta(type_account_id,type_account_name)
VALUES(1,'Caja de ahorro en pesos'),(2,'Caja de ahorro en dolares'),(3,'Cuenta corriente')

CREATE TABLE Marca_tarjeta (
	brand_card_id INTEGER PRIMARY KEY,
	brand_card_name TEXT NOT NULL
)
INSERT INTO Marca_tarjeta(brand_card_id,brand_card_name)
VALUES(1,'Visa'),(2,'American Express'),(3,'MasterCard')


/* 2 */ LISTO
CREATE TABLE Tarjeta (
	card_id INTEGER PRIMARY KEY ,
	card_number TEXT CHECK (length(card_number >= 20)),
	card_cvv TEXT NOT NULL,
	card_valid_date INTEGER NOT NULL,
	card_expired_date INTEGER NOT NULL,
	card_type TEXT NOT NULL,
	customer_id INTEGER NOT NULL,
	brand_card_id TEXT NOT NULL,
/* 3 */ LISTO
	FOREIGN KEY (brand_card_id)
	REFERENCES Marca_tarjeta(brand_card_id)
	ON UPDATE SET NULL
	ON DELETE SET NULL
/* 4 */ LISTO
	FOREIGN KEY (customer_id) 
	REFERENCES cliente(customer_id)
	ON UPDATE SET NULL
	ON DELETE SET NULL
)

/* 5 */ LISTO
INSERT INTO Tarjeta (`card_id`,`card_number`,`card_cvv`,`card_valid_date`,`card_expired_date`,`card_type`,`customer_id`,`brand_card_id`)
VALUES
  (1,"3715 322987 57515","425","10/2020","2/2027","Credito",466,2),
  (2,"547775 138246 3117","598","9/2017","4/2028","Credito",460,3),
  (3,"558545 1218683124","283","11/2018","3/2026","Credito",478,1),
  (4,"5579 8495 5669 6715","730","3/2021","5/2026","Credito",423,1),
  (5,"402400 7162584665","695","4/2021","3/2027","Credito",445,1),
  (6,"3459 543636 67127","158","11/2019","5/2026","Credito",426,1),
  (7,"3469 442358 66741","233","3/2022","12/2024","Credito",473,2),
  (8,"491 64556 28144 759","536","4/2018","2/2026","Credito",499,2),
  (9,"3423 561222 72251","707","4/2019","2/2028","Credito",468,2),
  (10,"342785238357186","264","6/2021","2/2026","Credito",480,1);
INSERT INTO Tarjeta (`card_id`,`card_number`,`card_cvv`,`card_valid_date`,`card_expired_date`,`card_type`,`customer_id`,`brand_card_id`)
VALUES
  (11,"5248417473593919","473","10/2019","8/2026","Credito",406,2),
  (12,"5385586533843424","481","7/2022","7/2028","Credito",481,3),
  (13,"4639815455642","710","12/2018","11/2025","Credito",459,2),
  (14,"5243 4866 3954 7635","391","9/2018","4/2026","Credito",429,1),
  (15,"527298 2775327398","113","10/2019","1/2028","Credito",451,1),
  (16,"341172885243475","776","2/2018","11/2025","Credito",464,3),
  (17,"3437 373664 75628","826","12/2021","9/2026","Credito",500,1),
  (18,"377723787581565","711","12/2018","11/2027","Credito",440,2),
  (19,"373411275247782","409","1/2020","6/2028","Credito",442,2),
  (20,"536 96315 62751 658","497","8/2019","9/2026","Credito",366,1);
INSERT INTO Tarjeta (`card_id`,`card_number`,`card_cvv`,`card_valid_date`,`card_expired_date`,`card_type`,`customer_id`,`brand_card_id`)
VALUES
  (21,"533544 865363 3559","850","3/2018","4/2028","Credito",429,3),
  (22,"5247452847677461","874","5/2019","5/2026","Credito",259,3),
  (23,"5386 7936 4144 8372","700","4/2020","9/2025","Credito",417,2),
  (24,"4929 8391 4133 4820","479","8/2020","10/2024","Credito",491,2),
  (25,"4485426762366756","764","12/2018","10/2024","Credito",471,3),
  (26,"457 83378 44715 720","827","6/2021","11/2024","Credito",296,3),
  (27,"4716573768372","972","6/2021","2/2025","Credito",463,1),
  (28,"537864 4655134327","252","4/2020","8/2024","Credito",465,1),
  (29,"4556174479757552","468","6/2018","1/2026","Credito",441,2),
  (30,"4748 625 69 6962","947","7/2018","9/2026","Credito",454,1);
INSERT INTO Tarjeta (`card_id`,`card_number`,`card_cvv`,`card_valid_date`,`card_expired_date`,`card_type`,`customer_id`,`brand_card_id`)
VALUES
  (31,"3454 275178 33523","603","9/2017","2/2028","Credito",399,3),
  (32,"345587164371497","193","7/2021","5/2028","Credito",473,3),
  (33,"491688 768546 6230","458","4/2020","3/2027","Credito",276,3),
  (34,"3433 629814 34858","916","1/2022","3/2028","Credito",264,1),
  (35,"343668886333262","514","11/2021","3/2028","Credito",430,3),
  (36,"3728 262446 98529","427","7/2022","3/2026","Credito",410,2),
  (37,"412999 885859 4220","270","8/2019","5/2026","Credito",432,3),
  (38,"3468 483136 33149","696","7/2019","6/2026","Credito",416,1),
  (39,"4716867287311","326","12/2018","10/2025","Credito",422,1),
  (40,"4716874766836","561","5/2022","8/2026","Credito",456,1);
INSERT INTO Tarjeta (`card_id`,`card_number`,`card_cvv`,`card_valid_date`,`card_expired_date`,`card_type`,`customer_id`,`brand_card_id`)
VALUES
  (41,"374175463549627","467","4/2020","4/2028","Credito",495,2),
  (42,"555663 592557 3132","920","10/2017","9/2025","Credito",412,2),
  (43,"557787 2885226154","836","12/2017","6/2027","Credito",271,2),
  (44,"376827243264236","461","7/2019","3/2026","Credito",491,3),
  (45,"3417 932357 31958","457","1/2018","3/2026","Credito",414,1),
  (46,"378632376925365","779","6/2018","4/2025","Credito",416,1),
  (47,"3745 668436 53552","262","11/2019","7/2027","Credito",444,1),
  (48,"491646 8393828662","970","12/2021","12/2027","Credito",443,3),
  (49,"453223 7559683540","450","11/2019","6/2028","Credito",442,1),
  (50,"522424 4384777359","558","7/2022","8/2025","Credito",308,2);
INSERT INTO Tarjeta (`card_id`,`card_number`,`card_cvv`,`card_valid_date`,`card_expired_date`,`card_type`,`customer_id`,`brand_card_id`)
VALUES
  (51,"346668572622470","902","10/2021","6/2027","Credito",425,3),
  (52,"372773659745835","655","5/2018","4/2028","Credito",418,3),
  (53,"3722 352135 76841","323","12/2020","4/2027","Credito",422,3),
  (54,"3445 984839 81529","807","1/2021","4/2025","Credito",493,1),
  (55,"4646 682 24 4850","309","7/2021","2/2025","Credito",275,1),
  (56,"343486692154461","400","2/2019","5/2026","Credito",475,1),
  (57,"3485 473183 15821","267","2/2018","11/2025","Credito",482,1),
  (58,"542 16412 34468 736","865","5/2020","9/2027","Credito",382,3),
  (59,"344237764453243","799","9/2017","9/2024","Credito",266,3),
  (60,"528752 633636 9770","715","8/2020","11/2027","Credito",447,2);
INSERT INTO Tarjeta (`card_id`,`card_number`,`card_cvv`,`card_valid_date`,`card_expired_date`,`card_type`,`customer_id`,`brand_card_id`)
VALUES
  (61,"455662 447531 5813","323","1/2019","1/2026","Credito",424,1),
  (62,"554 43287 56588 735","520","1/2020","3/2027","Credito",446,1),
  (63,"538 66336 75128 260","946","4/2020","4/2027","Credito",449,1),
  (64,"544 71152 86977 498","610","5/2019","4/2027","Credito",338,1),
  (65,"5217464534623514","451","12/2020","3/2027","Credito",406,3),
  (66,"3443 584783 45259","703","3/2018","10/2024","Credito",458,1),
  (67,"3716 545766 55219","489","11/2020","6/2025","Credito",468,1),
  (68,"453952 7423414483","656","5/2020","6/2026","Credito",407,1),
  (69,"491619 5846526136","767","6/2022","11/2026","Credito",463,1),
  (70,"453 25129 62648 540","377","1/2021","8/2025","Credito",457,1);
INSERT INTO Tarjeta (`card_id`,`card_number`,`card_cvv`,`card_valid_date`,`card_expired_date`,`card_type`,`customer_id`,`brand_card_id`)
VALUES
  (71,"516786 154442 5550","789","6/2021","7/2025","Credito",430,3),
  (72,"511899 818448 4479","367","6/2020","7/2025","Credito",319,3),
  (73,"453 28243 85376 827","467","7/2022","3/2028","Credito",379,2),
  (74,"5486 6697 9783 3964","401","3/2021","1/2025","Credito",471,1),
  (75,"3758 791568 23483","652","5/2022","4/2028","Credito",429,1),
  (76,"347281335955861","399","2/2018","10/2024","Credito",441,1),
  (77,"5164688588332183","652","12/2020","1/2027","Credito",488,2),
  (78,"402400 716355 1127","826","11/2018","7/2027","Credito",418,3),
  (79,"5587445248748731","297","2/2019","6/2028","Credito",429,2),
  (80,"5166485778639370","739","9/2020","4/2025","Credito",396,2);
INSERT INTO Tarjeta (`card_id`,`card_number`,`card_cvv`,`card_valid_date`,`card_expired_date`,`card_type`,`customer_id`,`brand_card_id`)
VALUES
  (81,"3435 272647 42561","836","3/2019","1/2028","Credito",485,2),
  (82,"3473 924843 73887","876","10/2017","3/2027","Credito",441,2),
  (83,"377937744678625","289","5/2019","1/2027","Credito",498,1),
  (84,"5322232838415289","726","6/2020","2/2027","Credito",430,2),
  (85,"518392 6679188537","450","1/2021","12/2026","Credito",413,1),
  (86,"3727 362385 33634","722","9/2019","11/2024","Credito",482,3),
  (87,"374342835588184","778","1/2020","6/2028","Credito",402,1),
  (88,"554453 5522737954","717","1/2022","5/2027","Credito",437,1),
  (89,"4024 007 12 8416","592","9/2020","2/2028","Credito",292,2),
  (90,"375571376254751","190","6/2019","1/2027","Credito",472,3);
INSERT INTO Tarjeta (`card_id`,`card_number`,`card_cvv`,`card_valid_date`,`card_expired_date`,`card_type`,`customer_id`,`brand_card_id`)
VALUES
  (91,"3761 847944 42682","451","12/2020","7/2026","Credito",487,3),
  (92,"3453 548877 55872","290","9/2020","10/2027","Credito",370,2),
  (93,"4532 6552 2875 6977","124","12/2019","7/2026","Credito",427,2),
  (94,"3764 127253 56626","818","6/2020","1/2027","Credito",257,2),
  (95,"342385635166528","719","7/2022","1/2028","Credito",350,3),
  (96,"5164 6523 4581 8769","197","7/2021","7/2025","Credito",254,3),
  (97,"524 75919 14493 649","233","6/2018","6/2027","Credito",290,3),
  (98,"343522533384261","166","3/2019","2/2027","Credito",413,2),
  (99,"3411 546729 94742","735","2/2021","3/2026","Credito",420,3),
  (100,"5232 1877 1337 4226","239","11/2021","11/2024","Credito",428,2);
INSERT INTO Tarjeta (`card_id`,`card_number`,`card_cvv`,`card_valid_date`,`card_expired_date`,`card_type`,`customer_id`,`brand_card_id`)
VALUES
  (101,"376855257633871","389","11/2018","11/2025","Credito",477,3),
  (102,"4656145669324683","884","7/2022","8/2027","Credito",491,1),
  (103,"546757 197945 8748","741","11/2017","12/2027","Credito",470,1),
  (104,"374527264862577","276","12/2018","12/2025","Credito",481,3),
  (105,"556154 242168 7668","570","3/2018","6/2025","Credito",487,3),
  (106,"4485556286857","630","9/2017","1/2025","Credito",425,3),
  (107,"4916 282 34 8819","830","5/2021","6/2026","Credito",420,3),
  (108,"4539212377649","246","5/2020","10/2026","Credito",453,2),
  (109,"453922 821717 3613","794","12/2017","1/2028","Credito",500,3),
  (110,"3443 615961 59438","562","6/2022","4/2027","Credito",278,3);
INSERT INTO Tarjeta (`card_id`,`card_number`,`card_cvv`,`card_valid_date`,`card_expired_date`,`card_type`,`customer_id`,`brand_card_id`)
VALUES
  (111,"5548444862879375","812","3/2019","9/2026","Credito",347,3),
  (112,"374339328368322","260","2/2020","11/2024","Credito",467,3),
  (113,"532643 397879 5565","718","7/2022","3/2027","Credito",474,1),
  (114,"527412 455327 2748","777","8/2017","4/2026","Credito",433,3),
  (115,"3494 615859 84526","439","2/2021","1/2027","Credito",466,3),
  (116,"527 89614 82994 678","558","4/2018","10/2025","Credito",444,3),
  (117,"371338296735366","705","7/2021","7/2026","Credito",477,3),
  (118,"343823822292441","584","4/2022","11/2026","Credito",433,2),
  (119,"4024007128556","601","2/2022","5/2026","Credito",471,2),
  (120,"453953 343215 9861","824","11/2017","6/2025","Credito",451,2);
INSERT INTO Tarjeta (`card_id`,`card_number`,`card_cvv`,`card_valid_date`,`card_expired_date`,`card_type`,`customer_id`,`brand_card_id`)
VALUES
  (121,"378897938481351","667","8/2020","9/2027","Credito",380,1),
  (122,"491 65689 12776 399","975","10/2018","8/2027","Credito",256,1),
  (123,"525 86449 97635 424","446","3/2022","9/2025","Credito",437,2),
  (124,"453296 112862 4699","457","9/2017","2/2026","Credito",303,1),
  (125,"512387 654388 6449","868","7/2022","4/2028","Credito",418,3),
  (126,"4485 6678 9211 8613","762","11/2018","6/2026","Credito",428,2),
  (127,"5133913495467254","794","9/2019","11/2025","Credito",394,2),
  (128,"377898839386740","294","1/2020","4/2028","Credito",406,2),
  (129,"528862 7882732665","181","2/2020","12/2026","Credito",414,2),
  (130,"4024007137755","866","9/2017","9/2026","Credito",489,2);
INSERT INTO Tarjeta (`card_id`,`card_number`,`card_cvv`,`card_valid_date`,`card_expired_date`,`card_type`,`customer_id`,`brand_card_id`)
VALUES
  (131,"343435652632446","149","8/2018","7/2025","Credito",446,2),
  (132,"517 33695 62448 712","266","4/2019","9/2026","Credito",500,2),
  (133,"346582469484631","653","6/2022","1/2025","Credito",438,3),
  (134,"536 41651 52982 378","508","6/2021","1/2025","Credito",428,2),
  (135,"553 53345 53596 831","459","11/2020","7/2025","Credito",463,2),
  (136,"3778 325584 14755","506","11/2017","9/2027","Credito",479,1),
  (137,"5446789762562783","802","7/2022","6/2028","Credito",316,1),
  (138,"377832867951174","245","7/2018","12/2026","Credito",475,2),
  (139,"348221615558323","692","7/2021","7/2027","Credito",417,1),
  (140,"5279 5585 2595 1852","420","8/2021","12/2026","Credito",357,2);
INSERT INTO Tarjeta (`card_id`,`card_number`,`card_cvv`,`card_valid_date`,`card_expired_date`,`card_type`,`customer_id`,`brand_card_id`)
VALUES
  (141,"4377 4882 8265 4757","328","6/2022","8/2027","Credito",418,2),
  (142,"471634 4542866683","553","1/2019","7/2026","Credito",272,3),
  (143,"549816 3883929411","202","1/2018","3/2026","Credito",493,2),
  (144,"557 11633 98933 155","684","1/2018","5/2026","Credito",443,1),
  (145,"453924 179476 3128","517","3/2019","4/2026","Credito",412,3),
  (146,"377623654224481","929","9/2017","9/2027","Credito",291,3),
  (147,"453 22261 82538 767","800","9/2017","4/2028","Credito",263,2),
  (148,"372984773955586","784","11/2018","1/2028","Credito",483,2),
  (149,"548391 874484 6378","856","10/2017","3/2026","Credito",419,2),
  (150,"5275 1872 8746 4245","538","12/2017","8/2026","Credito",362,1);
INSERT INTO Tarjeta (`card_id`,`card_number`,`card_cvv`,`card_valid_date`,`card_expired_date`,`card_type`,`customer_id`,`brand_card_id`)
VALUES
  (151,"534 55463 74166 490","916","11/2020","11/2024","Credito",345,3),
  (152,"3494 425752 19669","369","9/2021","2/2026","Credito",283,2),
  (153,"491 67183 38721 459","995","2/2022","5/2028","Credito",482,2),
  (154,"557788 532736 9556","647","12/2020","1/2027","Credito",475,1),
  (155,"4539 9378 5421 3686","497","12/2019","10/2026","Credito",489,2),
  (156,"455693 987423 4377","468","10/2018","4/2027","Credito",406,2),
  (157,"5164 8236 6724 7875","157","12/2020","10/2025","Credito",453,3),
  (158,"455 62792 56838 820","675","3/2022","10/2024","Credito",365,3),
  (159,"3494 734543 53865","213","9/2021","10/2024","Credito",406,3),
  (160,"372711785752994","743","1/2021","7/2027","Credito",456,2);
INSERT INTO Tarjeta (`card_id`,`card_number`,`card_cvv`,`card_valid_date`,`card_expired_date`,`card_type`,`customer_id`,`brand_card_id`)
VALUES
  (161,"4916 665 76 6793","691","12/2018","1/2028","Credito",496,1),
  (162,"341963773916440","638","5/2019","9/2027","Credito",479,3),
  (163,"537 61214 29641 681","792","3/2022","7/2025","Credito",430,3),
  (164,"545 68721 83338 426","241","2/2019","7/2026","Credito",384,2),
  (165,"5342418288818751","745","5/2022","3/2028","Credito",440,3),
  (166,"345227239668383","734","8/2020","4/2027","Credito",500,2),
  (167,"516251 4461279881","258","8/2017","5/2027","Credito",391,3),
  (168,"4716168548379","140","12/2020","3/2025","Credito",335,3),
  (169,"3459 544472 39430","577","4/2021","6/2026","Credito",424,1),
  (170,"453231 449637 2394","815","7/2017","2/2027","Credito",421,3);
INSERT INTO Tarjeta (`card_id`,`card_number`,`card_cvv`,`card_valid_date`,`card_expired_date`,`card_type`,`customer_id`,`brand_card_id`)
VALUES
  (171,"4916768688761","963","8/2020","9/2027","Credito",478,3),
  (172,"5222896748685529","317","12/2017","9/2027","Credito",465,1),
  (173,"4485248862792","335","1/2020","3/2026","Credito",443,3),
  (174,"377936575722379","973","8/2020","6/2026","Credito",286,1),
  (175,"402400 7185459523","598","10/2020","11/2026","Credito",364,1),
  (176,"3732 566135 56711","123","3/2019","3/2027","Credito",289,2),
  (177,"555363 548266 6942","495","9/2019","4/2025","Credito",457,2),
  (178,"342463935233874","897","10/2018","9/2025","Credito",402,1),
  (179,"5517 2394 5623 7270","299","6/2019","10/2024","Credito",427,1),
  (180,"528 71635 33953 873","525","4/2019","2/2025","Credito",450,2);
INSERT INTO Tarjeta (`card_id`,`card_number`,`card_cvv`,`card_valid_date`,`card_expired_date`,`card_type`,`customer_id`,`brand_card_id`)
VALUES
  (181,"547467 6331741748","480","5/2019","12/2027","Credito",488,1),
  (182,"3776 652584 36185","200","12/2017","11/2024","Credito",411,1),
  (183,"343644435266121","801","4/2021","10/2026","Credito",400,1),
  (184,"455 62777 85722 457","937","6/2021","1/2027","Credito",312,3),
  (185,"3721 227283 45393","806","12/2019","11/2026","Credito",354,2),
  (186,"527384 5228225767","843","7/2017","10/2027","Credito",460,2),
  (187,"3423 871732 23554","553","1/2019","8/2025","Credito",348,3),
  (188,"5132924359563857","866","1/2021","7/2025","Credito",438,1),
  (189,"4916673587165","945","9/2021","8/2024","Credito",285,2),
  (190,"3774 466455 83462","611","2/2022","5/2025","Credito",480,3);
INSERT INTO Tarjeta (`card_id`,`card_number`,`card_cvv`,`card_valid_date`,`card_expired_date`,`card_type`,`customer_id`,`brand_card_id`)
VALUES
  (191,"345596889527721","932","5/2018","11/2024","Credito",404,1),
  (192,"3784 498761 39425","775","4/2021","6/2028","Credito",337,1),
  (193,"348117644871382","551","7/2019","8/2027","Credito",273,2),
  (194,"3775 687551 82718","500","10/2019","1/2027","Credito",437,2),
  (195,"558 83864 85172 780","867","1/2021","7/2025","Credito",496,2),
  (196,"5138 3678 9795 9530","536","1/2021","1/2028","Credito",430,3),
  (197,"535 55415 99538 356","451","12/2018","9/2024","Credito",310,2),
  (198,"373731767698253","973","3/2019","5/2025","Credito",353,2),
  (199,"535678 3453665227","367","2/2018","9/2025","Credito",400,1),
  (200,"4024 0071 4648 4230","866","4/2022","6/2025","Credito",342,2);
INSERT INTO Tarjeta (`card_id`,`card_number`,`card_cvv`,`card_valid_date`,`card_expired_date`,`card_type`,`customer_id`,`brand_card_id`)
VALUES
  (201,"453 92754 18115 273","666","11/2017","8/2025","Credito",415,3),
  (202,"3426 616725 23866","901","9/2018","10/2026","Credito",424,1),
  (203,"402 40071 36874 465","757","7/2019","1/2025","Credito",432,3),
  (204,"5476519234437162","685","7/2018","5/2028","Credito",479,1),
  (205,"3455 863918 79330","254","2/2018","8/2027","Credito",417,3),
  (206,"4539 955 71 7779","305","1/2021","11/2026","Credito",476,1),
  (207,"5334 8483 3781 5798","755","6/2019","11/2027","Credito",433,2),
  (208,"4556287876123","680","8/2020","11/2027","Credito",400,3),
  (209,"532 75497 36243 629","822","5/2018","3/2027","Credito",482,2),
  (210,"3735 196738 53447","919","12/2019","12/2026","Credito",484,2);
INSERT INTO Tarjeta (`card_id`,`card_number`,`card_cvv`,`card_valid_date`,`card_expired_date`,`card_type`,`customer_id`,`brand_card_id`)
VALUES
  (211,"4716 633 48 7443","406","12/2017","7/2025","Credito",452,3),
  (212,"373714248836270","649","6/2019","10/2024","Credito",431,3),
  (213,"4485642251337","995","8/2019","4/2028","Credito",371,1),
  (214,"5323 4546 4868 7860","582","5/2022","4/2027","Credito",481,1),
  (215,"5463481939477867","431","2/2019","10/2026","Credito",479,2),
  (216,"5486875566583181","722","10/2020","9/2025","Credito",446,1),
  (217,"3719 815582 24635","780","7/2019","8/2024","Credito",455,1),
  (218,"3459 714575 62972","147","4/2020","10/2025","Credito",450,2),
  (219,"346468324674741","379","7/2018","5/2027","Credito",448,3),
  (220,"3427 783444 35525","404","3/2022","12/2024","Credito",374,2);
INSERT INTO Tarjeta (`card_id`,`card_number`,`card_cvv`,`card_valid_date`,`card_expired_date`,`card_type`,`customer_id`,`brand_card_id`)
VALUES
  (221,"3447 521398 66531","629","12/2020","8/2027","Credito",330,1),
  (222,"377874741318139","401","12/2018","3/2026","Credito",433,1),
  (223,"5114 8666 2534 5845","125","6/2021","8/2027","Credito",494,3),
  (224,"471626 765437 8710","928","2/2019","5/2026","Credito",455,1),
  (225,"4334679458730","363","1/2020","9/2024","Credito",475,3),
  (226,"5414481277747889","910","11/2018","6/2027","Credito",489,2),
  (227,"3468 683322 78155","624","12/2022","1/2027","Credito",472,1),
  (228,"5544 4562 7177 3258","319","11/2019","2/2025","Credito",407,2),
  (229,"471672 4345555130","114","2/2019","1/2027","Credito",373,3),
  (230,"342274516249787","646","6/2021","6/2027","Credito",486,3);
INSERT INTO Tarjeta (`card_id`,`card_number`,`card_cvv`,`card_valid_date`,`card_expired_date`,`card_type`,`customer_id`,`brand_card_id`)
VALUES
  (231,"547741 325826 8357","694","5/2022","4/2026","Credito",467,1),
  (232,"4555 7462 2247 2828","492","7/2020","3/2028","Credito",352,3),
  (233,"344345647445318","878","10/2020","5/2027","Credito",343,3),
  (234,"527 85567 63762 479","166","2/2019","10/2027","Credito",393,3),
  (235,"455625 7567442698","291","4/2020","11/2027","Credito",405,3),
  (236,"345975293572731","352","9/2021","12/2025","Credito",497,3),
  (237,"4929 924 36 2742","668","6/2022","8/2027","Credito",464,1),
  (238,"346592648775338","614","11/2019","2/2026","Credito",419,1),
  (239,"4916 7774 3113 2758","461","7/2018","8/2027","Credito",407,1),
  (240,"3458 246935 85325","304","6/2021","2/2027","Credito",280,2);
INSERT INTO Tarjeta (`card_id`,`card_number`,`card_cvv`,`card_valid_date`,`card_expired_date`,`card_type`,`customer_id`,`brand_card_id`)
VALUES
  (241,"373543464372573","696","4/2018","5/2025","Credito",395,1),
  (242,"5548 3375 6237 2552","535","1/2019","12/2026","Credito",434,2),
  (243,"534 25238 95766 382","311","1/2020","5/2026","Credito",476,1),
  (244,"344114494474544","241","10/2019","7/2025","Credito",270,3),
  (245,"347884489446387","532","1/2018","4/2027","Credito",438,1),
  (246,"345668874876288","443","1/2019","3/2028","Credito",462,2),
  (247,"453932 935766 9467","459","4/2022","10/2026","Credito",456,2),
  (248,"377742864515536","839","1/2022","1/2028","Credito",431,2),
  (249,"5566854156676757","759","7/2022","2/2027","Credito",446,3),
  (250,"4929589929686","875","6/2021","9/2027","Credito",416,2);
INSERT INTO Tarjeta (`card_id`,`card_number`,`card_cvv`,`card_valid_date`,`card_expired_date`,`card_type`,`customer_id`,`brand_card_id`)
VALUES
  (251,"524183 4713573476","963","10/2021","11/2027","Credito",444,1),
  (252,"343823563439136","658","8/2020","3/2026","Credito",450,3),
  (253,"512291 968983 8856","727","8/2017","7/2027","Credito",464,2),
  (254,"344489785753594","295","9/2021","10/2025","Credito",456,3),
  (255,"448553 323345 3152","781","6/2021","9/2026","Credito",435,2),
  (256,"346489933424526","766","5/2019","7/2028","Credito",405,1),
  (257,"547236 442822 6129","636","4/2021","10/2027","Credito",433,1),
  (258,"3754 655396 89773","440","11/2017","8/2027","Credito",288,3),
  (259,"5392 2663 5918 6155","740","12/2018","2/2027","Credito",493,1),
  (260,"514 54165 25691 956","170","2/2022","2/2028","Credito",427,2);
INSERT INTO Tarjeta (`card_id`,`card_number`,`card_cvv`,`card_valid_date`,`card_expired_date`,`card_type`,`customer_id`,`brand_card_id`)
VALUES
  (261,"4539544798124","479","10/2018","12/2026","Credito",452,3),
  (262,"5264 5789 3312 8221","747","4/2021","2/2027","Credito",497,3),
  (263,"534 93875 64518 547","732","11/2020","8/2024","Credito",428,3),
  (264,"5255671548693761","455","2/2021","8/2025","Credito",274,3),
  (265,"525757 3738835673","219","3/2022","4/2027","Credito",309,2),
  (266,"4716 9934 5733 2824","831","10/2020","9/2027","Credito",410,3),
  (267,"3773 953264 99441","171","7/2018","11/2026","Credito",485,2),
  (268,"5247268466536238","414","7/2018","4/2026","Credito",419,1),
  (269,"3728 782384 76321","426","3/2019","5/2028","Credito",439,2),
  (270,"3734 228212 81571","643","1/2021","8/2024","Credito",449,2);
INSERT INTO Tarjeta (`card_id`,`card_number`,`card_cvv`,`card_valid_date`,`card_expired_date`,`card_type`,`customer_id`,`brand_card_id`)
VALUES
  (271,"4716 6211 3754 8341","194","10/2018","11/2024","Credito",499,3),
  (272,"349685985643338","421","11/2018","5/2027","Credito",425,2),
  (273,"549425 524247 6839","566","5/2018","11/2026","Credito",321,1),
  (274,"453248 6242288262","894","10/2021","7/2028","Credito",484,3),
  (275,"4532786297822","376","2/2019","1/2025","Credito",449,1),
  (276,"4532 845 44 3821","869","1/2019","6/2025","Credito",372,1),
  (277,"3483 934733 42486","602","1/2022","5/2027","Credito",459,3),
  (278,"5562 2377 3578 4280","574","7/2018","3/2027","Credito",262,2),
  (279,"4532 1889 2556 5426","262","5/2022","9/2026","Credito",258,3),
  (280,"342823775159952","122","2/2021","11/2024","Credito",269,2);
INSERT INTO Tarjeta (`card_id`,`card_number`,`card_cvv`,`card_valid_date`,`card_expired_date`,`card_type`,`customer_id`,`brand_card_id`)
VALUES
  (281,"534 87312 59737 220","213","4/2018","3/2025","Credito",409,1),
  (282,"528687 935746 9784","851","9/2020","9/2027","Credito",468,3),
  (283,"4133 255 78 9926","952","6/2019","9/2024","Credito",355,1),
  (284,"455 67587 36727 133","752","9/2018","9/2024","Credito",413,3),
  (285,"4929 4336 4488 5239","642","6/2022","4/2027","Credito",493,2),
  (286,"448 56333 67855 964","727","9/2021","5/2026","Credito",438,2),
  (287,"4532692324256","867","4/2020","11/2024","Credito",421,1),
  (288,"375937157587323","709","12/2017","8/2024","Credito",435,2),
  (289,"345268455322727","642","11/2021","1/2027","Credito",306,3),
  (290,"402 40071 73238 228","863","2/2021","6/2027","Credito",465,1);
INSERT INTO Tarjeta (`card_id`,`card_number`,`card_cvv`,`card_valid_date`,`card_expired_date`,`card_type`,`customer_id`,`brand_card_id`)
VALUES
  (291,"558473 446698 3267","535","7/2018","5/2027","Credito",418,1),
  (292,"347571428651280","850","3/2019","10/2026","Credito",431,1),
  (293,"378716779168424","117","3/2020","10/2026","Credito",495,1),
  (294,"376944934283423","855","8/2017","3/2025","Credito",452,1),
  (295,"4485866237285","997","2/2019","3/2028","Credito",447,3),
  (296,"3479 644632 71876","454","11/2021","10/2026","Credito",325,1),
  (297,"4716642446536389","878","9/2020","2/2028","Credito",442,3),
  (298,"526877 2577632699","747","11/2019","12/2027","Credito",499,2),
  (299,"3487 764389 57325","587","11/2020","7/2027","Credito",474,2),
  (300,"514854 761884 2853","478","12/2022","4/2025","Credito",412,1);
INSERT INTO Tarjeta (`card_id`,`card_number`,`card_cvv`,`card_valid_date`,`card_expired_date`,`card_type`,`customer_id`,`brand_card_id`)
VALUES
  (301,"549752 8357927672","811","10/2020","3/2025","Credito",489,1),
  (302,"4532397338297283","591","3/2021","5/2026","Credito",305,1),
  (303,"341174653469779","685","10/2021","3/2026","Credito",412,2),
  (304,"3779 796525 28293","835","9/2020","8/2024","Credito",446,1),
  (305,"375374255653189","642","3/2019","3/2027","Credito",436,2),
  (306,"349674773585620","567","12/2019","9/2026","Credito",416,2),
  (307,"3419 276332 76899","867","5/2018","3/2027","Credito",492,2),
  (308,"3787 483417 52740","518","4/2022","2/2026","Credito",479,1),
  (309,"4929 254 94 4440","729","6/2019","12/2026","Credito",492,3),
  (310,"343923218444323","736","10/2021","12/2027","Credito",435,3);
INSERT INTO Tarjeta (`card_id`,`card_number`,`card_cvv`,`card_valid_date`,`card_expired_date`,`card_type`,`customer_id`,`brand_card_id`)
VALUES
  (311,"348966545228286","542","12/2022","12/2026","Credito",329,2),
  (312,"513614 882961 8374","557","11/2019","9/2026","Credito",470,3),
  (313,"538494 725493 3896","370","2/2018","7/2028","Credito",463,2),
  (314,"5252246556532731","588","6/2021","3/2028","Credito",468,2),
  (315,"4024007174188","674","5/2021","4/2025","Credito",465,1),
  (316,"3451 872442 53250","872","12/2019","12/2024","Credito",410,1),
  (317,"4556235577492","489","4/2019","7/2025","Credito",413,1),
  (318,"4556 1354 2689 6223","417","5/2021","5/2026","Credito",484,2),
  (319,"3725 374316 12237","704","3/2021","3/2025","Credito",447,2),
  (320,"4024007163327478","447","5/2019","10/2027","Credito",487,3);
INSERT INTO Tarjeta (`card_id`,`card_number`,`card_cvv`,`card_valid_date`,`card_expired_date`,`card_type`,`customer_id`,`brand_card_id`)
VALUES
  (321,"4024007146622334","154","6/2022","12/2028","Credito",480,3),
  (322,"3757 349895 83491","336","5/2021","6/2026","Credito",488,3),
  (323,"5317 5347 5387 6339","950","12/2020","2/2027","Credito",413,1),
  (324,"522 22736 12563 523","195","5/2020","3/2025","Credito",476,2),
  (325,"3423 713731 58364","578","9/2018","9/2025","Credito",470,2),
  (326,"4426692449355","165","3/2021","2/2026","Credito",474,3),
  (327,"379227566244831","355","8/2020","5/2026","Credito",475,1),
  (328,"3795 876773 45896","924","1/2019","2/2028","Credito",438,2),
  (329,"4539 4836 3623 5176","863","8/2018","8/2026","Credito",473,3),
  (330,"4024 007 13 9272","865","8/2019","12/2024","Credito",407,1);
INSERT INTO Tarjeta (`card_id`,`card_number`,`card_cvv`,`card_valid_date`,`card_expired_date`,`card_type`,`customer_id`,`brand_card_id`)
VALUES
  (331,"3791 788578 27489","551","6/2018","8/2026","Credito",477,1),
  (332,"348325367551558","956","7/2022","1/2026","Credito",405,3),
  (333,"552753 516748 1968","687","4/2018","2/2026","Credito",486,2),
  (334,"543374 7271373493","680","3/2019","5/2027","Credito",480,1),
  (335,"371564337742570","534","3/2018","2/2025","Credito",340,2),
  (336,"4485858737322821","442","6/2021","2/2026","Credito",421,3),
  (337,"5457355282473442","433","1/2018","7/2025","Credito",448,1),
  (338,"4929 7774 5581 5416","683","3/2018","12/2025","Credito",462,1),
  (339,"513623 6694229383","402","6/2022","2/2027","Credito",476,1),
  (340,"3722 276853 65761","572","8/2020","3/2026","Credito",409,3);
INSERT INTO Tarjeta (`card_id`,`card_number`,`card_cvv`,`card_valid_date`,`card_expired_date`,`card_type`,`customer_id`,`brand_card_id`)
VALUES
  (341,"4383834646739","695","2/2022","1/2028","Credito",349,2),
  (342,"4623833212755","868","2/2021","5/2026","Credito",390,1),
  (343,"453253 6747377232","330","3/2022","3/2026","Credito",378,2),
  (344,"3737 571243 34761","204","10/2018","11/2024","Credito",481,3),
  (345,"4485493632257318","160","4/2020","7/2028","Credito",408,1),
  (346,"492933 745644 7972","729","11/2018","7/2025","Credito",462,3),
  (347,"5326289672823784","174","2/2022","2/2025","Credito",482,2),
  (348,"4532 5872 7457 8866","660","12/2019","1/2025","Credito",392,2),
  (349,"3762 462175 83135","988","3/2022","1/2026","Credito",451,1),
  (350,"3446 614456 88614","214","3/2022","8/2024","Credito",470,2);
INSERT INTO Tarjeta (`card_id`,`card_number`,`card_cvv`,`card_valid_date`,`card_expired_date`,`card_type`,`customer_id`,`brand_card_id`)
VALUES
  (351,"4424564517274646","703","2/2021","12/2024","Credito",403,3),
  (352,"4716728484359212","137","11/2019","10/2027","Credito",443,2),
  (353,"375331995657359","769","12/2017","1/2028","Credito",443,1),
  (354,"3738 427458 54668","401","1/2022","8/2024","Credito",447,2),
  (355,"453 29284 42756 754","619","4/2020","1/2026","Credito",401,1),
  (356,"492927 417181 2588","402","4/2018","6/2028","Credito",469,2),
  (357,"378461956143813","599","11/2019","8/2024","Credito",471,1),
  (358,"549442 857665 1661","849","3/2020","5/2025","Credito",268,2),
  (359,"4866837743456350","499","10/2020","5/2027","Credito",404,2),
  (360,"4916642373721","886","3/2020","2/2027","Credito",498,3);
INSERT INTO Tarjeta (`card_id`,`card_number`,`card_cvv`,`card_valid_date`,`card_expired_date`,`card_type`,`customer_id`,`brand_card_id`)
VALUES
  (361,"553483 739488 6758","680","3/2020","12/2025","Credito",421,1),
  (362,"4716847541431","365","4/2021","6/2027","Credito",451,1),
  (363,"448 54425 49584 363","754","3/2022","6/2027","Credito",459,2),
  (364,"448586 6525896344","580","8/2017","2/2028","Credito",442,2),
  (365,"522823 5254352931","373","6/2021","8/2025","Credito",479,2),
  (366,"516 68323 41796 346","541","11/2019","1/2025","Credito",492,3),
  (367,"349363232898879","785","7/2021","2/2026","Credito",498,1),
  (368,"5443 6337 5687 4833","977","3/2019","5/2025","Credito",439,3),
  (369,"453 98243 47545 355","710","1/2021","6/2026","Credito",415,2),
  (370,"4716 566 13 6884","268","4/2020","10/2027","Credito",490,1);
INSERT INTO Tarjeta (`card_id`,`card_number`,`card_cvv`,`card_valid_date`,`card_expired_date`,`card_type`,`customer_id`,`brand_card_id`)
VALUES
  (371,"453258 4532465523","932","7/2017","3/2026","Credito",377,1),
  (372,"4929512864737624","544","10/2020","3/2025","Credito",408,3),
  (373,"377658826798442","568","7/2021","8/2024","Credito",476,2),
  (374,"526668 5259388681","830","10/2019","3/2028","Credito",403,3),
  (375,"5558552539776472","493","2/2020","8/2026","Credito",469,1),
  (376,"491668 6644914342","907","5/2022","7/2027","Credito",445,3),
  (377,"4532 545 33 4726","335","9/2019","8/2024","Credito",480,1),
  (378,"523 85747 86341 170","276","9/2020","1/2026","Credito",435,1),
  (379,"4539 6487 6933 4422","125","4/2020","3/2027","Credito",409,3),
  (380,"3767 485243 53623","252","1/2021","6/2026","Credito",445,2);
INSERT INTO Tarjeta (`card_id`,`card_number`,`card_cvv`,`card_valid_date`,`card_expired_date`,`card_type`,`customer_id`,`brand_card_id`)
VALUES
  (381,"544184 6464289282","518","1/2022","8/2025","Credito",462,2),
  (382,"5567945683762885","565","10/2017","8/2027","Credito",486,3),
  (383,"347382354438852","316","8/2019","12/2025","Credito",434,2),
  (384,"4485 6584 9535 8433","148","2/2018","2/2027","Credito",448,2),
  (385,"544881 735548 4780","278","2/2018","8/2024","Credito",450,2),
  (386,"491649 2926245822","820","3/2018","11/2026","Credito",449,3),
  (387,"5173 5374 1529 4984","546","12/2021","2/2025","Credito",469,1),
  (388,"3724 263135 88345","672","11/2018","4/2025","Credito",495,2),
  (389,"3722 623762 59775","331","7/2018","6/2028","Credito",412,3),
  (390,"373515476215230","563","9/2019","10/2025","Credito",408,2);
INSERT INTO Tarjeta (`card_id`,`card_number`,`card_cvv`,`card_valid_date`,`card_expired_date`,`card_type`,`customer_id`,`brand_card_id`)
VALUES
  (391,"402 40071 65395 945","500","8/2017","2/2026","Credito",495,1),
  (392,"4916 417 11 5141","662","2/2022","3/2025","Credito",344,3),
  (393,"533 52214 21783 554","739","12/2021","7/2028","Credito",448,1),
  (394,"552553 4364678684","671","7/2020","1/2025","Credito",420,1),
  (395,"4685 165 72 6686","243","2/2022","12/2025","Credito",425,3),
  (396,"5135827644565826","397","8/2021","4/2025","Credito",408,3),
  (397,"453235 186471 8527","571","12/2021","8/2026","Credito",260,3),
  (398,"402400 7175699757","543","7/2020","8/2024","Credito",381,2),
  (399,"345547886176921","329","6/2022","9/2026","Credito",484,1),
  (400,"4916 556 25 7639","377","2/2020","3/2025","Credito",426,1);
INSERT INTO Tarjeta (`card_id`,`card_number`,`card_cvv`,`card_valid_date`,`card_expired_date`,`card_type`,`customer_id`,`brand_card_id`)
VALUES
  (401,"4716358213859","137","1/2022","1/2026","Credito",467,1),
  (402,"343513865998190","146","3/2022","11/2024","Credito",460,1),
  (403,"3785 542725 52681","774","3/2021","2/2028","Credito",400,1),
  (404,"536 48742 63756 783","939","12/2019","3/2026","Credito",317,3),
  (405,"514 86777 26688 631","678","5/2018","10/2027","Credito",423,3),
  (406,"3466 354543 66583","802","2/2022","10/2026","Credito",496,2),
  (407,"534631 8287463532","529","1/2019","9/2024","Credito",419,3),
  (408,"515 96218 58878 723","640","5/2022","1/2026","Credito",459,3),
  (409,"471 62575 71933 622","598","9/2019","1/2025","Credito",403,2),
  (410,"491618 3222982644","576","1/2020","10/2024","Credito",472,3);
INSERT INTO Tarjeta (`card_id`,`card_number`,`card_cvv`,`card_valid_date`,`card_expired_date`,`card_type`,`customer_id`,`brand_card_id`)
VALUES
  (411,"3762 742467 24892","312","2/2020","2/2028","Credito",400,3),
  (412,"344782564534635","867","11/2020","2/2025","Credito",402,2),
  (413,"5549733191854813","587","1/2022","8/2025","Credito",401,3),
  (414,"373539344889729","334","6/2021","4/2025","Credito",483,3),
  (415,"519851 2851894887","147","1/2020","12/2025","Credito",458,3),
  (416,"342868567623491","358","7/2022","4/2027","Credito",485,3),
  (417,"533 67167 38495 239","876","11/2020","2/2026","Credito",447,2),
  (418,"4916328766475881","397","9/2020","1/2027","Credito",387,1),
  (419,"5452842787949690","598","7/2019","5/2027","Credito",414,2),
  (420,"5261983466889368","841","6/2021","7/2025","Credito",449,1);
INSERT INTO Tarjeta (`card_id`,`card_number`,`card_cvv`,`card_valid_date`,`card_expired_date`,`card_type`,`customer_id`,`brand_card_id`)
VALUES
  (421,"521382 7738363646","323","11/2020","4/2028","Credito",453,3),
  (422,"342787278168648","633","10/2018","3/2028","Credito",454,3),
  (423,"3789 583746 38472","163","3/2019","5/2026","Credito",410,2),
  (424,"4929112432188473","632","2/2020","7/2026","Credito",435,1),
  (425,"4929 121 48 2483","954","10/2019","9/2025","Credito",477,2),
  (426,"3454 264614 85686","885","2/2022","2/2027","Credito",426,1),
  (427,"491662 4769623786","921","9/2018","12/2025","Credito",432,2),
  (428,"5445343239798181","145","8/2019","6/2025","Credito",471,1),
  (429,"5567945292461556","560","12/2021","2/2025","Credito",454,1),
  (430,"3725 243313 73714","524","9/2020","6/2027","Credito",302,1);
INSERT INTO Tarjeta (`card_id`,`card_number`,`card_cvv`,`card_valid_date`,`card_expired_date`,`card_type`,`customer_id`,`brand_card_id`)
VALUES
  (431,"373686456748241","606","8/2018","2/2025","Credito",368,3),
  (432,"4716 118 39 3587","575","11/2018","11/2027","Credito",486,1),
  (433,"453263 756234 3844","393","6/2019","4/2025","Credito",403,3),
  (434,"4485 387 98 3227","787","6/2018","4/2027","Credito",425,1),
  (435,"455662 5969577818","686","6/2022","4/2026","Credito",466,1),
  (436,"555687 583968 3342","916","12/2020","10/2024","Credito",444,1),
  (437,"541584 454224 5717","855","10/2020","8/2027","Credito",467,1),
  (438,"371986577755329","717","8/2018","6/2025","Credito",410,1),
  (439,"5567 4488 8846 7764","265","9/2018","8/2024","Credito",332,2),
  (440,"345193557486545","583","3/2022","11/2027","Credito",282,1);
INSERT INTO Tarjeta (`card_id`,`card_number`,`card_cvv`,`card_valid_date`,`card_expired_date`,`card_type`,`customer_id`,`brand_card_id`)
VALUES
  (441,"4485271583774881","386","5/2021","6/2027","Credito",499,3),
  (442,"5452323466352381","835","5/2021","11/2025","Credito",457,3),
  (443,"529 54527 94462 439","496","7/2022","9/2025","Credito",453,3),
  (444,"546 65126 94443 178","413","6/2018","10/2024","Credito",490,3),
  (445,"5337387822793167","718","9/2017","1/2025","Credito",491,1),
  (446,"3754 524369 25369","746","10/2017","9/2027","Credito",478,3),
  (447,"4916594758156371","471","3/2019","8/2026","Credito",464,3),
  (448,"534 32716 58437 531","632","3/2018","10/2025","Credito",488,3),
  (449,"542814 748879 9589","560","3/2022","11/2026","Credito",429,2),
  (450,"552 19269 63272 485","208","8/2019","5/2025","Credito",468,3);
INSERT INTO Tarjeta (`card_id`,`card_number`,`card_cvv`,`card_valid_date`,`card_expired_date`,`card_type`,`customer_id`,`brand_card_id`)
VALUES
  (451,"346737581366369","124","10/2018","9/2026","Credito",445,1),
  (452,"4916644286855","332","2/2022","4/2025","Credito",494,3),
  (453,"4485685414453","628","8/2020","5/2025","Credito",465,3),
  (454,"455674 944734 2387","364","1/2021","10/2027","Credito",487,3),
  (455,"3462 823184 82775","631","11/2019","8/2027","Credito",490,2),
  (456,"4578554738879558","580","9/2017","1/2026","Credito",367,2),
  (457,"346788914658717","940","10/2018","1/2026","Credito",261,1),
  (458,"3475 824495 12369","901","7/2022","6/2026","Credito",483,3),
  (459,"341254864843192","705","1/2021","5/2026","Credito",251,1),
  (460,"346737296817466","762","8/2019","12/2024","Credito",490,1);
INSERT INTO Tarjeta (`card_id`,`card_number`,`card_cvv`,`card_valid_date`,`card_expired_date`,`card_type`,`customer_id`,`brand_card_id`)
VALUES
  (461,"4539623436349","565","8/2020","11/2025","Credito",492,2),
  (462,"402400 7147787458","746","11/2021","3/2026","Credito",489,3),
  (463,"3797 563767 18717","122","7/2019","11/2026","Credito",478,3),
  (464,"532268 5312777682","807","1/2018","6/2027","Credito",401,3),
  (465,"4539 844 83 4421","139","9/2020","11/2026","Credito",397,2),
  (466,"5326 8526 5624 4184","748","5/2022","2/2027","Credito",426,1),
  (467,"542 14564 27854 638","566","11/2018","8/2027","Credito",457,2),
  (468,"3787 668261 43862","269","2/2021","7/2026","Credito",388,1),
  (469,"548 24674 38881 466","549","1/2018","9/2024","Credito",458,3),
  (470,"455631 944995 8786","928","12/2018","1/2026","Credito",437,3);
INSERT INTO Tarjeta (`card_id`,`card_number`,`card_cvv`,`card_valid_date`,`card_expired_date`,`card_type`,`customer_id`,`brand_card_id`)
VALUES
  (471,"4539956774593753","208","4/2018","1/2026","Credito",496,3),
  (472,"374291792388866","478","8/2020","5/2027","Credito",267,3),
  (473,"453957 4738235245","901","8/2019","5/2026","Credito",405,2),
  (474,"4716133486119","362","8/2017","5/2027","Credito",436,2),
  (475,"471697 3748551473","755","2/2021","2/2025","Credito",406,2),
  (476,"345257742793287","438","7/2021","9/2027","Credito",497,1),
  (477,"518652 7815254451","503","9/2019","8/2027","Credito",426,3),
  (478,"5272 6488 7934 1995","290","12/2020","2/2027","Credito",440,1),
  (479,"378478399173371","731","4/2022","12/2025","Credito",333,3),
  (480,"513378 8837791532","827","7/2020","7/2026","Credito",491,2);
INSERT INTO Tarjeta (`card_id`,`card_number`,`card_cvv`,`card_valid_date`,`card_expired_date`,`card_type`,`customer_id`,`brand_card_id`)
VALUES
  (481,"3429 222577 56762","804","12/2017","1/2028","Credito",419,1),
  (482,"522355 1972616828","595","6/2020","4/2025","Credito",299,3),
  (483,"4024 0071 5778 4288","459","10/2021","11/2024","Credito",401,2),
  (484,"521 86664 32185 235","563","12/2021","7/2025","Credito",453,2),
  (485,"491 69126 44733 254","396","3/2019","12/2025","Credito",417,2),
  (486,"3774 553366 55570","624","9/2017","1/2025","Credito",284,1),
  (487,"4532 294 33 8233","536","12/2019","4/2026","Credito",383,2),
  (488,"536826 383937 7744","135","11/2020","3/2028","Credito",359,2),
  (489,"376544673844524","684","3/2020","2/2025","Credito",497,1),
  (490,"526 54323 76443 383","250","6/2022","12/2025","Credito",442,3);
INSERT INTO Tarjeta (`card_id`,`card_number`,`card_cvv`,`card_valid_date`,`card_expired_date`,`card_type`,`customer_id`,`brand_card_id`)
VALUES
  (491,"376514568549876","156","11/2018","2/2026","Credito",492,3),
  (492,"545983 2535935243","937","4/2020","1/2026","Credito",450,3),
  (493,"552548 7826834983","359","3/2018","10/2025","Credito",445,1),
  (494,"3767 796445 65853","491","3/2019","9/2024","Credito",281,3),
  (495,"547947 828231 3238","662","8/2019","10/2025","Credito",402,2),
  (496,"5471385785262440","227","1/2021","12/2025","Credito",466,1),
  (497,"343363483978228","667","11/2019","4/2026","Credito",457,2),
  (498,"348418663355863","809","9/2020","6/2028","Credito",331,1),
  (499,"518 23374 95174 167","924","3/2018","3/2026","Credito",414,1),
  (500,"402400 718171 6777","342","7/2022","10/2024","Credito",346,2);

/* 6 */ REVISAR
CREATE TABLE Direccion(
	direccion_id INTEGER PRIMARY KEY,
	calle TEXT NOT NULL,
	numero INTEGER NOT NULL,
	ciudad TEXT NOT NULL,
	provincia TEXT NOT NULL,
	pais TEXT NOT NULL,
	employee_id INTEGER NOT NULL,
	customer_id INTEGER NOT NULL,
	
	FOREIGN KEY (employee_id)
	REFERENCES empleado(employee_id)
	ON UPDATE SET NULL
	ON DELETE SET NULL
	
	FOREIGN KEY (customer_id)
	REFERENCES cliente(customer_id)
	ON UPDATE SET NULL
	ON DELETE SET NULL
)

/* 7 */ REVISAR
INSERT INTO Direccion (`direccion_id`,`calle`,`numero`,`ciudad`,`provincia`,`pais`,`employee_id`,`customer_id`)
VALUES
  (1,"amet ultricies",201,"Lagos","Misiones","Argentina",1,1),
  (2,"leo. Morbi",633,"Don Pedro","Mendoza","Argentina",0,0),
  (3,"penatibus et",448,"San Martin","Mendoza","Argentina",0,0),
  (4,"Donec non",137,"Lagos","Córdoba","Argentina",0,0),
  (5,"et",533,"Pilar","Córdoba","Argentina",0,0),
  (6,"In nec",242,"Don Pedro","Mendoza","Argentina",0,0),
  (7,"augue porttitor",283,"Villa Tortuga","Tucumán","Argentina",0,0),
  (8,"velit.",478,"Lagos","Tucumán","Argentina",0,0),
  (9,"Sed",61,"Villa Tortuga","Tierra del Fuego","Argentina",0,0),
  (10,"Lorem",363,"Pilar","Mendoza","Argentina",0,0);
INSERT INTO Direccion (`direccion_id`,`calle`,`numero`,`ciudad`,`provincia`,`pais`,`employee_id`,`customer_id`)
VALUES
  (11,"ligula eu",94,"San Martin","Córdoba","Argentina",0,0),
  (12,"Donec",626,"San Ignacio","Salta","Argentina",0,0),
  (13,"non",774,"Yapeyu","Buenos Aires","Argentina",0,0),
  (14,"tincidunt pede",601,"San Ignacio","Santa Fe","Argentina",0,0),
  (15,"lacus.",205,"Yapeyu","Corrientes","Argentina",0,0),
  (16,"ornare. Fusce",586,"Lagos","Buenos Aires","Argentina",0,0),
  (17,"Cras",471,"Pilar","Corrientes","Argentina",0,0),
  (18,"egestas lacinia.",903,"Yapeyu","Buenos Aires","Argentina",0,0),
  (19,"Fusce mi",254,"Villa Tortuga","Córdoba","Argentina",0,0),
  (20,"venenatis a,",893,"Lagos","Misiones","Argentina",0,0);
INSERT INTO Direccion (`direccion_id`,`calle`,`numero`,`ciudad`,`provincia`,`pais`,`employee_id`,`customer_id`)
VALUES
  (21,"imperdiet",726,"San Ignacio","Salta","Argentina",0,0),
  (22,"ac",610,"San Fernando","Misiones","Argentina",0,0),
  (23,"sagittis.",970,"Don Pedro","Corrientes","Argentina",0,0),
  (24,"quis",89,"Don Pedro","Tucumán","Argentina",0,0),
  (25,"tincidunt",949,"Don Pedro","Tierra del Fuego","Argentina",0,0),
  (26,"aliquam arcu.",918,"San Ignacio","Córdoba","Argentina",0,0),
  (27,"vehicula. Pellentesque",596,"Pilar","Buenos Aires","Argentina",0,0),
  (28,"eu",355,"Yapeyu","Salta","Argentina",0,0),
  (29,"felis ullamcorper",895,"Lagos","Tucumán","Argentina",0,0),
  (30,"sed dolor.",286,"San Martin","Tucumán","Argentina",0,0);
INSERT INTO Direccion (`direccion_id`,`calle`,`numero`,`ciudad`,`provincia`,`pais`,`employee_id`,`customer_id`)
VALUES
  (31,"eget laoreet",417,"Don Pedro","Mendoza","Argentina",0,0),
  (32,"risus",910,"Lagos","Tierra del Fuego","Argentina",0,0),
  (33,"nibh.",941,"Belgrano","Córdoba","Argentina",0,0),
  (34,"magna.",594,"Yapeyu","Tucumán","Argentina",0,0),
  (35,"ut odio",557,"Villa Tortuga","Misiones","Argentina",0,0),
  (36,"orci, consectetuer",572,"Lagos","Misiones","Argentina",0,0),
  (37,"eget",25,"San Martin","Mendoza","Argentina",0,0),
  (38,"tellus.",833,"San Ignacio","Tucumán","Argentina",0,0),
  (39,"turpis. In",615,"Lagos","Santa Fe","Argentina",0,0),
  (40,"faucibus",71,"Don Pedro","Córdoba","Argentina",0,0);
INSERT INTO Direccion (`direccion_id`,`calle`,`numero`,`ciudad`,`provincia`,`pais`,`employee_id`,`customer_id`)
VALUES
  (41,"Nulla",75,"San Fernando","Mendoza","Argentina",0,0),
  (42,"iaculis",429,"San Fernando","Buenos Aires","Argentina",0,0),
  (43,"fermentum arcu.",823,"Villa Tortuga","Misiones","Argentina",0,0),
  (44,"felis purus",703,"Don Pedro","Tierra del Fuego","Argentina",0,0),
  (45,"in, cursus",180,"Lagos","Misiones","Argentina",0,0),
  (46,"pede, ultrices",888,"Lagos","Salta","Argentina",0,0),
  (47,"dictum.",110,"Belgrano","Mendoza","Argentina",0,0),
  (48,"nulla",455,"Yapeyu","Salta","Argentina",0,0),
  (49,"faucibus",587,"San Fernando","Buenos Aires","Argentina",0,0),
  (50,"augue porttitor",194,"Belgrano","Santa Fe","Argentina",0,0);
INSERT INTO Direccion (`direccion_id`,`calle`,`numero`,`ciudad`,`provincia`,`pais`,`employee_id`,`customer_id`)
VALUES
  (51,"id",909,"Villa Tortuga","Salta","Argentina",0,0),
  (52,"lectus sit",88,"Don Pedro","Buenos Aires","Argentina",0,0),
  (53,"lacus,",279,"Pilar","Córdoba","Argentina",0,0),
  (54,"facilisis lorem",332,"Lagos","Santa Fe","Argentina",0,0),
  (55,"vehicula et,",730,"Villa Tortuga","Buenos Aires","Argentina",0,0),
  (56,"convallis",47,"Belgrano","Santa Fe","Argentina",0,0),
  (57,"leo",986,"Belgrano","Salta","Argentina",0,0),
  (58,"convallis",236,"Yapeyu","Mendoza","Argentina",0,0),
  (59,"mollis non,",638,"San Martin","Salta","Argentina",0,0),
  (60,"parturient montes,",500,"San Ignacio","Buenos Aires","Argentina",0,0);
INSERT INTO Direccion (`direccion_id`,`calle`,`numero`,`ciudad`,`provincia`,`pais`,`employee_id`,`customer_id`)
VALUES
  (61,"Maecenas malesuada",466,"Villa Tortuga","Tucumán","Argentina",0,0),
  (62,"Cum",863,"San Martin","Misiones","Argentina",0,0),
  (63,"risus.",878,"Pilar","Mendoza","Argentina",0,0),
  (64,"Nulla tincidunt,",493,"San Ignacio","Córdoba","Argentina",0,0),
  (65,"nec ante.",924,"San Fernando","Misiones","Argentina",0,0),
  (66,"eleifend egestas.",736,"Pilar","Santa Fe","Argentina",0,0),
  (67,"adipiscing. Mauris",474,"San Ignacio","Tierra del Fuego","Argentina",0,0),
  (68,"odio sagittis",616,"San Ignacio","Corrientes","Argentina",0,0),
  (69,"tellus. Aenean",727,"San Martin","Tucumán","Argentina",0,0),
  (70,"dictum",475,"San Ignacio","Mendoza","Argentina",0,0);
INSERT INTO Direccion (`direccion_id`,`calle`,`numero`,`ciudad`,`provincia`,`pais`,`employee_id`,`customer_id`)
VALUES
  (71,"sed, est.",222,"Lagos","Tucumán","Argentina",0,0),
  (72,"ante dictum",807,"San Ignacio","Tierra del Fuego","Argentina",0,0),
  (73,"nascetur",287,"Yapeyu","Tucumán","Argentina",0,0),
  (74,"felis, adipiscing",595,"San Fernando","Tierra del Fuego","Argentina",0,0),
  (75,"sed,",345,"San Ignacio","Mendoza","Argentina",0,0),
  (76,"Proin",992,"Pilar","Mendoza","Argentina",0,0),
  (77,"Phasellus vitae",137,"Belgrano","Misiones","Argentina",0,0),
  (78,"tortor. Nunc",62,"San Fernando","Corrientes","Argentina",0,0),
  (79,"est",221,"San Fernando","Tucumán","Argentina",0,0),
  (80,"fringilla.",611,"San Ignacio","Tierra del Fuego","Argentina",0,0);
INSERT INTO Direccion (`direccion_id`,`calle`,`numero`,`ciudad`,`provincia`,`pais`,`employee_id`,`customer_id`)
VALUES
  (81,"et,",851,"San Martin","Tucumán","Argentina",0,0),
  (82,"habitant",72,"San Ignacio","Buenos Aires","Argentina",0,0),
  (83,"arcu",949,"Yapeyu","Buenos Aires","Argentina",0,0),
  (84,"suscipit nonummy.",104,"Yapeyu","Córdoba","Argentina",0,0),
  (85,"Nulla facilisis.",630,"San Fernando","Mendoza","Argentina",0,0),
  (86,"pede ac",452,"Pilar","Salta","Argentina",0,0),
  (87,"et, rutrum",305,"Pilar","Buenos Aires","Argentina",0,0),
  (88,"ipsum.",31,"San Ignacio","Tucumán","Argentina",0,0),
  (89,"lacus,",150,"Belgrano","Misiones","Argentina",0,0),
  (90,"leo",300,"San Martin","Mendoza","Argentina",0,0);
INSERT INTO Direccion (`direccion_id`,`calle`,`numero`,`ciudad`,`provincia`,`pais`,`employee_id`,`customer_id`)
VALUES
  (91,"lectus.",338,"Don Pedro","Mendoza","Argentina",0,0),
  (92,"luctus, ipsum",228,"Pilar","Salta","Argentina",0,0),
  (93,"ut quam",989,"San Ignacio","Santa Fe","Argentina",0,0),
  (94,"In condimentum.",860,"San Ignacio","Tucumán","Argentina",0,0),
  (95,"semper erat,",816,"Pilar","Misiones","Argentina",0,0),
  (96,"varius ultrices,",706,"Pilar","Buenos Aires","Argentina",0,0),
  (97,"quam,",874,"Don Pedro","Mendoza","Argentina",0,0),
  (98,"Fusce",141,"Pilar","Mendoza","Argentina",0,0),
  (99,"at,",140,"San Fernando","Salta","Argentina",0,0),
  (100,"porttitor scelerisque",299,"Don Pedro","Misiones","Argentina",0,0);


/* 8 */ LISTO
SELECT cuenta.account_id,cliente.customer_name,cliente.customer_surname,Tipo_cuenta.type_account_name
FROM cuenta
INNER JOIN Tipo_cuenta
ON cuenta.type_account_id=Tipo_cuenta.type_account_id
INNER JOIN cliente
ON cliente.customer_id=cuenta.customer_id
ORDER BY 2
/* 9 */

/* 10 */